﻿<?xml version="1.0" encoding="utf-8"?>
<veiculos>
  <Veiculo xmlns:xsi="http://www.w3.org/2001/XMLSchema-instance" xmlns:xsd="http://www.w3.org/2001/XMLSchema">
    <Id>1</Id>
    <Placa>ABC1234</Placa>
    <Ano>2014</Ano>
    <Observacao>Obs</Observacao>
    <Cor>
      <Id>1</Id>
      <Nome>Preto</Nome>
    </Cor>
    <Modelo>
      <Id>1</Id>
      <Nome>Palio</Nome>
      <Marca>
        <Id>1</Id>
        <Nome>Fiat</Nome>
      </Marca>
    </Modelo>
    <Combustivel>Flex</Combustivel>
    <Cambio>Manual</Cambio>
  </Veiculo>
  <Veiculo xmlns:xsi="http://www.w3.org/2001/XMLSchema-instance" xmlns:xsd="http://www.w3.org/2001/XMLSchema">
    <Id>2</Id>
    <Placa>XYZ2222</Placa>
    <Ano>2014</Ano>
    <Observacao>Obs</Observacao>
    <Cor>
      <Id>1</Id>
      <Nome>Preto</Nome>
    </Cor>
    <Modelo>
      <Id>1</Id>
      <Nome>Palio</Nome>
      <Marca>
        <Id>1</Id>
        <Nome>Fiat</Nome>
      </Marca>
    </Modelo>
    <Combustivel>Flex</Combustivel>
    <Cambio>Manual</Cambio>
  </Veiculo>
  <Veiculo xmlns:xsi="http://www.w3.org/2001/XMLSchema-instance" xmlns:xsd="http://www.w3.org/2001/XMLSchema">
    <Id>5ee70be7-308b-466d-99dd-e60af64bfd9e</Id>
    <Placa>ABC1234</Placa>
    <Ano>2014</Ano>
    <Cor>
      <Id>1</Id>
      <Nome>Preto</Nome>
    </Cor>
    <Modelo>
      <Id>1</Id>
      <Nome>Palio</Nome>
      <Marca>
        <Id>1</Id>
        <Nome>Fiat</Nome>
      </Marca>
    </Modelo>
    <Combustivel>Gasolina</Combustivel>
    <Cambio>Manual</Cambio>
  </Veiculo>
  <VeiculoPasseio xmlns:xsi="http://www.w3.org/2001/XMLSchema-instance" xmlns:xsd="http://www.w3.org/2001/XMLSchema">
    <Id>82e97852-df9f-4612-8f15-106d3051c4bd</Id>
    <Placa>ABC9999</Placa>
    <Ano>2018</Ano>
    <Observacao>Observação</Observacao>
    <Cor>
      <Id>1</Id>
      <Nome>Preto</Nome>
    </Cor>
    <Modelo>
      <Id>1</Id>
      <Nome>Palio</Nome>
      <Marca>
        <Id>1</Id>
        <Nome>Fiat</Nome>
      </Marca>
    </Modelo>
    <Combustivel>Gasolina</Combustivel>
    <Cambio>Manual</Cambio>
    <Carroceria>Hatch</Carroceria>
  </VeiculoPasseio>
  <VeiculoPasseio xmlns:xsi="http://www.w3.org/2001/XMLSchema-instance" xmlns:xsd="http://www.w3.org/2001/XMLSchema">
    <Id>cd961412-4b0d-42e2-b1cd-fd94a9a49551</Id>
    <Placa>ABC1234</Placa>
    <Ano>2018</Ano>
    <Observacao>asdf</Observacao>
    <Cor>
      <Id>1</Id>
      <Nome>Preto</Nome>
    </Cor>
    <Modelo>
      <Id>1</Id>
      <Nome>Palio</Nome>
      <Marca>
        <Id>1</Id>
        <Nome>Fiat</Nome>
      </Marca>
    </Modelo>
    <Combustivel>Flex</Combustivel>
    <Cambio>Automatizado</Cambio>
    <Carroceria>Hatch</Carroceria>
  </VeiculoPasseio>
</veiculos>